,Behavioral_score1,Behavioral_score2,Behavioral_score3
0,2.7224743210157545,-3.7588561182898506,-10.445718909637915
1,0.43330292678941396,-7.826356354046059,4.374606388212674
2,0.23522014490482468,-0.9484354159365644,-9.519555905604268
3,-0.5841022756319361,-3.165734995555109,1.1283063268477524
4,-1.0203763112369204,-7.224645010719961,3.306756474631295
5,-7.710547416029112,-0.8026510661038401,4.3165603532492005
6,-21.48908839116042,-5.083261688623573,-9.722999008103026
7,7.243586009356598,-5.0789739318680445,3.9862722793439502
8,-4.069481416988287,-5.935402364501624,14.026956443673438
9,10.054591134395556,4.139990199514922,-3.8354465030051426
10,-7.851386356390652,-11.951505105730556,14.18834274440563
11,3.0071312319689385,-2.7933209781573156,-2.427476212072576
12,-6.083859184190512,-7.832931128470109,2.5741070326942532
13,3.7727049743962877,-7.85084409382751,10.204262073014913
14,-4.693384593074717,-3.3853773416812336,15.998084486176525
15,-1.6126775023450972,-9.388950225995753,-2.8409471962651596
16,0.4777728830880762,0.8428970575682635,-5.2776640964469514
17,-0.8284580070287347,11.239640658141475,-8.354077982266777
18,-0.6834555388557033,-5.7220283597098085,-4.712228460396122
19,-4.851101831983228,-3.841926196579947,5.3478900020756575
20,2.8998783535865704,-2.765158684408945,1.7763834134700625
21,2.587397451307294,5.771848514743032,0.45553545534169304
22,3.098161593010848,0.2515036482694589,-0.467210123808004
23,-5.242275641161013,7.3808091284850885,19.163128184661225
24,2.990851865026926,-2.9133594216254193,2.0719707255536446
25,-5.9921158264541186,16.43023009655632,8.963685771541783
26,3.756066964639396,-7.356930136352998,9.960024882525493
27,-13.693214294656983,-1.297721379078862,-5.896273653169585
28,1.4444079854243874,-8.962825415523563,-1.777514760731804
29,-9.024171375514529,-5.802212386946512,3.147908151437273
30,-2.9071561389484577,0.21093842102564875,1.4460998103793479
31,5.906343433681143,-1.8240991060553202,-8.543777025326808
32,-11.071450014447834,-4.183882700419865,2.486826919940368
33,10.484890557976618,-1.31158899701025,-9.782470696686994
34,-3.5045483824583616,3.3856502340090535,-0.24154773535302065
35,0.380812178679249,-0.3353009540593692,-3.880010873947579
36,-6.546281421205819,-2.5837010793608037,0.9636019348477018
37,-3.785977515716267,-1.0082746872273207,4.4988912495526385
38,1.7419088235326718,11.350281871337629,5.639403148984569
39,-2.0098959026830165,1.6760050346565347,-10.02885994980151
40,-8.632379018944889,-2.2916239406138335,-8.717979563564212
41,3.614476469258393,2.208740245022637,-0.6398931958683044
42,10.075416050165439,-4.894990581971017,7.010415544685684
43,-4.038408451097163,-7.697948532647394,3.8287710793462146
44,-1.3904125513648706,-4.127949959566876,-0.15408388600561151
45,-5.9686425176643105,2.3965604863990317,-3.691340630192795
46,-6.715973128887911,-2.0339788183191603,-2.0990198041865993
47,-7.4164230858348565,7.222287412007799,-4.849458512982361
48,-4.505923987862547,3.5554825120861753,5.042038867758385
49,-8.619108295033158,-3.5093424762048455,1.0020890261850797
50,5.7774565850036375,15.179659095751731,18.4140385351103
51,3.7907549097126623,-5.074960888802369,-5.35018434894394
52,0.9843656946833605,-6.9957523448584205,1.2444040020830043
53,0.5932282694683964,11.527797633053952,0.5365977548323957
54,-6.955584988655208,-0.22968754697192342,-6.640216230649948
55,-2.219747163461397,12.454361444184299,-3.1990616177498254
56,3.672501397586021,3.035100055766037,-7.654636271658957
57,2.55709995355013,7.789217251642577,9.526418586453607
58,-10.819121505212452,-3.067515059364462,3.4939809062887077
59,1.7874355805551922,-14.341841773346982,5.1972285931227695
60,10.174530884548496,1.185374928797605,-5.672786281745977
61,4.206878230725091,-4.748648318891044,0.900903797769159
62,-2.7441965887138293,-11.664351671557428,-5.388487742148298
63,-6.668506320993714,-7.4598468290953175,12.600713252326218
64,4.006907592941812,4.415702454872349,0.4728257595330623
65,9.923207697926749,0.3225765536827439,-12.792230436851213
66,3.900937577347372,-5.368010304271733,0.33508483814724466
67,-1.4178090283512401,2.9077370748522804,-5.970844514488832
68,-10.835858938028874,4.917187105435018,-6.774032243213765
69,1.1414252920792385,2.8281467634451927,-4.23661336888639
70,18.53892697115757,1.3578267547992116,3.2598266893437633
71,5.893330927811486,-0.7063680784103709,1.8560488264075365
72,7.839069204848588,8.642906675306794,-0.6122372284532123
73,-0.597131999321092,-2.2384273653712183,4.774413997689566
74,6.7346494024248855,-9.692703424491441,-8.24241622958891
75,14.694317340700527,-7.411530946320266,-14.199720379606177
76,-7.153366034439249,-1.9654537531846867,-1.1728074866669882
77,-11.320855838960417,-10.970895709968117,-2.8862493698166825
78,7.314416619216663,6.964943236555133,-4.003021281365787
79,-6.607758147064661,10.218693608321354,-6.5593365863895166
80,7.690334644830305,-0.6964609953225033,0.14690087741139823
81,-5.327349993912593,4.264377053476612,-1.1926409301552394
82,3.6580031693731403,2.4637175033830574,-6.2647955041089975
83,-10.740112814536767,-9.859676277539702,-3.021526116907493
84,-3.8356811493098135,4.196354833034469,-7.711565925628458
85,0.6856503664503796,-2.3761476110733133,-0.31083652008480667
86,11.669530379444907,-1.4740157363687487,-3.9055179210259787
87,7.4003756824267235,-12.744427584387607,-2.7889889878324605
88,2.6897630479470007,-11.660549962394906,-10.816517148127414
89,0.3769525751766986,15.746766554370643,2.8099026188332896
90,-2.654778759133669,-6.475633639845633,9.612158178956467
91,-7.307982368829464,3.5958661492670165,-7.705980643562864
92,-0.3967167618138949,0.16325009039349897,-7.867184993660503
93,-1.514646897595958,1.3537249890153684,-8.954168520982233
94,1.208436802363496,-2.688924923960705,2.9532179724693837
95,3.6464964225632928,-0.1897882509897281,8.028749037893515
96,-1.7409960692063882,13.004992544768657,-2.3036842760556553
97,-3.6819446809072396,0.5629944374565962,6.117391503233014
98,2.997039433685195,9.433824321961971,-13.363510790305217
99,-2.509536014597527,2.5917808345170115,-5.799139906898893
100,0.5485317223686206,-0.9231850547604177,-11.861976085871555
101,-4.058381081648932,-0.05820114739898467,-0.6701941844606475
102,2.887404621726794,12.718460666243063,-12.625895997959546
103,-10.679830211042399,7.221665114426763,1.8292169835553997
104,11.309655053493648,-4.669317132574357,-3.38270685955363
105,-3.077613028511279,8.337707464394606,-15.524535427319618
106,-2.3117059180791726,-8.727129610840317,2.3267119974716093
107,7.279675729250588,-1.8037874347255693,3.6343779029130987
108,1.0228691684286122,-6.158614484349727,-2.3800487281663165
109,-3.743132876255019,-3.0498913849276508,-11.410925064220374
110,6.686097630488734,-2.8276145791589675,-12.768959487195945
111,-5.919173208563597,-1.8891322665494412,-15.726562667569619
112,-0.9673880624281239,-1.0934009438725503,4.701772972999931
113,2.5973707930726673,-0.5826528693006696,-6.246089766715613
114,1.415687083197844,14.718825549283453,-13.113468164648125
115,3.244170612921661,4.670623986768171,-5.824477710772727
116,12.345719796536477,-11.12143095678578,-3.792565989170618
117,-2.4889304578061657,3.417181661667817,-4.306386017833901
118,8.357926106743824,2.9115740049581795,-20.8051545808408
119,1.3512415749429258,7.420335787406835,11.546931797429785
120,0.4030742593223038,10.493173421432465,-1.3157085161305528
121,8.463887797927224,3.7750793966435348,-5.1039215446143364
122,0.7388137900488747,-5.185991518331633,-3.0123295133837242
123,3.6284332450870043,-3.598881009546978,23.869623481178404
124,-5.273821582609739,-6.627723856964505,1.6663958071220053
125,6.6696804580459315,0.1859605313804811,2.6395721942788226
126,-8.476565424540391,0.8561705107502448,-11.581906509679465
127,-1.836634972554238,12.836195383791468,-1.4601425642082129
128,-13.31445390418062,-4.8015364364272,-0.22293758163304211
129,-1.7317211755902462,1.264089183727264,-5.384229931395806
130,-4.849304438805453,5.4855986516325315,1.1366480370345111
131,-6.769088270094745,3.901085845655695,-7.8504397410436715
132,3.742012255382877,-8.457633615636976,9.451530378658386
133,-2.247399486916529,2.6626069323560886,3.7878884276127853
134,-16.302994228027007,-10.05723124800933,-4.123041269523998
135,-19.743837844682826,-1.932686108086474,4.653466168637909
136,2.3400356433127736,1.2998511924728096,-13.327878609050988
137,-5.742144773893999,10.188897686654538,-8.547793943294758
138,1.6911715880831841,10.664440156820357,-4.560941675592127
139,2.704674241189422,-5.143355935185721,-8.645730760857758
140,-1.360418289211612,-2.0318181587219706,-0.8711291812556929
141,-5.761709224360959,1.7735963977178881,-14.360826325831438
142,-0.8429385893316371,-2.6012483760894876,-6.364256178137703
143,-8.966612160215494,14.38561678862996,5.313324414568767
144,-4.410880259064814,2.3447956083299886,-8.710897368193065
145,-0.37749184103334715,-8.083460899521555,-8.716784042136853
146,-2.2573395647262795,-6.8709319409263205,-12.01006564415453
147,-7.717530947504522,7.353937855324837,-0.5074448351347174
148,-8.008577045856136,-8.706696468470305,-6.011429338594774
149,-9.119113985670124,-4.162148135998588,-2.6414441880796495
150,15.583066367043106,-5.621836551647817,26.97582386918333
151,4.5391514890199,12.581726543758494,-1.6112733240746353
152,5.943621053347762,14.45443665356652,-1.5496325238178352
153,-7.656568701295273,-2.4670050059926694,-6.674005010803975
154,-5.70446623523676,-8.630668657532782,15.384348743441839
155,3.124664913383974,-5.338332177237624,-2.071152931312433
156,-2.4125565979740093,0.6160981207025356,-3.014086459753545
157,7.542092684330683,-3.737531564427982,2.332288366841571
158,-2.114370264954288,5.604692678148475,8.025506845190371
159,-0.21358816935006686,1.4976269135266542,-3.5908014181045824
160,-0.49430370410047475,-3.7615471701339938,4.74469792561954
161,-2.9919440256711427,2.536261379974173,-6.731437707231756
162,-0.2926635186474781,2.2512383823943316,-1.0430409530076736
163,-2.9851653702319267,-7.386608386462601,15.904482101576637
164,6.490178913735287,1.7961928929747382,6.248503599215108
165,4.50295580772329,-7.834524828385305,-0.73974404597167
166,3.867223846608802,0.9536669268534813,4.259466533431011
167,-5.384994037952734,8.046795378571696,-1.9531371085474674
168,11.365462574639544,7.55102636737514,0.7243639185717541
169,1.1520813726500625,3.233074866939515,13.607180104582508
170,-7.387759043615418,0.3014519507587497,-5.796508927410806
171,10.10047529149941,8.29407258208228,11.980963236237702
172,5.375478790288548,-2.5209142014189783,-0.42690844541408185
173,0.0543024587514182,2.1348656828901653,-2.6380367090808523
174,7.281839498613225,-4.874604164687465,6.768077367842389
175,-3.014041646925088,-12.249596238660269,2.401126322646713
176,-4.332355129549102,6.8999486861221335,-4.284235988704718
177,-7.0366261704608215,1.646658324916777,5.655056131731914
178,1.5419470498460466,0.414495281241596,-3.5332986858821425
179,3.339251943599976,-3.5229031611130024,1.8552332789320929
180,2.264936650012527,10.832189471596653,3.4736944313383322
181,-3.297424422514627,-5.9537255022632305,2.660331807747635
182,7.876459376908281,-5.832040005830773,2.8317994713618995
183,-0.38794836379776343,3.845918795603065,-9.385611844282316
184,-10.53774696461459,4.839527880183957,-5.901483040064003
185,-4.164399625124738,-1.3909149885798855,7.09046057976648
186,-0.7100532056211113,14.30264899938631,8.46417944467018
187,12.982205792393032,-8.789825466966164,2.5318849861701382
188,5.129020873033646,-0.8072936570840114,-7.4193446652032415
189,-14.669627087212131,-0.8175562296116031,-3.430651391264568
190,4.5791535314912295,13.634973616776694,-6.6667673947329344
191,-6.591600145378628,-3.745467987989408,6.91927414291596
192,4.783408465497686,-1.8319593369922405,-13.734234310699286
193,2.722784683159092,0.5263402825279032,-8.635951633809668
194,-10.422690167786563,-0.12142369661476678,-4.013803515534128
195,4.257371151631464,-2.830565380255483,7.748837221921942
196,3.5260563585813705,16.28127578189076,-6.9562929046477695
197,5.810073694952208,-10.233726303664405,9.976727720491382
198,9.477749720943814,0.8467606823284451,-1.8495626949500157
199,-2.167087968420785,-4.171104291528388,-2.307437428663108
200,2.795057089014487,9.073443290614696,3.323788403122812
201,-1.2827817435117463,10.136603242122645,-3.966332466537235
202,-13.980497379688577,8.220011690619664,17.067724100015617
203,-6.864933951146966,-11.110154486058708,3.238097640757206
204,-5.096743907067076,-0.4265355216980033,-0.6306849694106818
205,11.6560006942132,0.34315216652903213,3.177273295659029
206,3.6923410464064044,4.710381567241462,-11.99049426651023
207,3.3320252405610353,-9.300197492841122,0.13108954012775065
208,9.038181619813543,-3.354437074345345,7.766855720247221
209,22.7143264301431,-3.1777644645588836,-0.16837829708773833
210,-0.14377393706453545,-3.630242794860761,-1.2493375664270587
211,0.43581321273255735,-8.61775381840332,-3.457969833461374
212,4.560405661585781,-0.3096409965662462,2.7130967974201923
213,-4.904660278467542,-4.7509991841615475,-7.089319453961187
214,2.7851375118295247,1.7191468085719128,5.517263348917824
215,1.3100706276090333,-4.203830848867999,-6.694401241718701
216,4.08355512325495,-0.360674484854523,5.234399094489608
217,-1.5123696870796404,3.5708718379005653,-4.8187041157124435
218,6.020718372070361,-4.537950369582048,-1.437078669144164
219,-1.817417755408603,15.542792633685394,-2.5357322485576956
220,-5.735752821344291,4.602462107029164,-5.481755164169443
221,-1.4672868820795275,-0.43516876873283433,12.399529010858434
222,1.4268513721985738,2.7246856472145744,3.446962060082965
223,3.969939837732018,-15.77690792542376,9.00978045695577
224,4.629415246412811,-1.7453093227420866,-9.600754005606124
225,0.6394678065509763,-10.352095329118358,-9.112947828552976
226,7.901619928459387,4.476079783406617,-1.6498618125969047
227,1.6177865534404399,5.272035154496185,0.7647777380166597
228,5.720317529931051,0.733759503524336,-11.66524151064488
229,4.540755575416494,0.13883897008525997,-2.1530305444282742
230,-9.844105365264863,0.3663440567158775,-8.626296699953897
231,-15.062799642463943,7.299950620220002,-13.404984917283514
232,4.811070226540018,8.121396991781143,-1.4209306796088335
233,0.3815806761580938,-2.3682947943783734,-3.6603671172478274
234,5.143369939945255,6.0606038762217125,-4.8030811013273595
235,4.218707677401463,-4.689387205890218,8.231634858959445
236,-6.67846991513164,11.537283833073836,0.9273092494514779
237,-5.279532340563532,-16.462716774767557,-6.653696228422406
238,9.82925856708441,-3.999341650589997,-1.9977120269812974
239,2.006397954340984,-2.059816592757898,-5.066016047607024
240,11.224689966286187,2.1755579880300546,-9.191554633581774
241,1.5269782682060906,-5.133560220869565,7.664082044052387
242,-8.500832722192284,-5.799839991003319,7.608781833636796
243,1.8667166129919703,9.747204911142372,8.073013279010402
244,2.8138271267748785,-10.792856104380098,-6.604986666216585
245,3.1145035920317063,-1.496158681412228,-0.3942100635512755
246,2.0929945206568856,-14.820068542617292,3.22271048297406
247,1.9835606343708865,-10.940565035687912,-6.470085471561597
248,-7.253181701366126,-7.730718267557798,-7.3062105804623165
249,-1.7281764029652904,3.1748636128320697,3.527994715558458
250,-4.796653517210669,-0.20000139089838126,-1.1323902419352923
251,-0.09396921540924935,-2.5708712109964824,22.61143861732355
252,6.327533048960591,-5.322139942283266,10.749862240606145
253,-9.305326859971617,1.5042086239351249,-5.283044095360579
254,7.043349957355617,-9.167633433576869,-2.152144662221147
255,10.449028947544154,-7.497125224828396,8.34984239989827
256,-6.506581071739895,3.8895124681055444,-5.164509066093784
257,-6.5656139976055,0.4961025771895389,-0.686353430094657
258,3.297579245045534,-6.350699346999367,-9.618973077984789
259,-0.130904064361265,7.3515801884951895,6.7154209274673855
260,4.1487439463804225,10.293406823895488,6.24678073758697
261,-12.626717304660653,-3.3568246748720107,-4.583595388638553
262,2.1631691994000297,0.801031875636681,6.883281048407491
263,4.478574661640265,2.200791158633597,2.460317725793327
264,-13.81609426240999,9.433793187403394,-8.207742751758776
265,5.473629857595161,-0.07723343316874126,-3.074138512751449
266,-14.137811611471486,-1.6554609747781792,0.8693206009230238
267,4.337948842238063,-3.0263257944879878,10.683703521809441
268,-0.3200857784704605,-7.9013617564267475,-7.951526816150178
269,0.6586940432460718,-10.534050451470259,7.262937449102033
270,-6.03324692561227,-9.763468366959884,-1.1745957929864514
271,-4.0534928747461745,0.7280550778240709,0.4595122316640131
272,0.6600425603853745,10.225906276576278,2.5339475461716465
273,6.4456669188387465,-3.9565043935533986,-4.114709013544949
274,4.878118620125672,-1.4726612729188902,3.6463218220437437
275,-8.061776246939536,6.902930614746845,-4.502331078825231
276,9.209938928976454,-9.829455237908105,-5.556912062278139
277,-1.1436129302549563,-7.423155297241449,-7.92497669881891
278,1.3934209522400847,4.844212043561598,11.173173782376288
279,-6.941103690332092,-0.5206866513359156,-3.15501862034018
280,-8.871766077276803,-4.918942466743674,-12.833718895991378
281,6.309371622365655,4.122589450976997,-13.668409554733516
282,-8.432347023515266,-5.729865593007814,9.408968316481154
283,7.036016042087736,0.1043654799378899,-2.3632166231901124
284,2.2772798431678765,5.717934066773097,4.892326713365416
285,-2.978886443453039,-4.315414444985297,13.229090342539685
286,-0.8274330237088443,6.638607119199063,5.400854914107356
287,-2.9294177184283448,-9.106830448427008,-6.125228872163647
288,8.523766088193211,10.242882335986115,1.7342125376350648
289,8.79057782327285,-11.253216112968184,1.4985132632485079
290,0.34977154430610513,-11.692118073978698,-1.9830205728072803
291,7.353558364826208,5.333144496246671,-0.6514599859206591
292,-1.2137999963062158,-3.1648593825945612,6.464243733604715
293,-7.995641265201433,1.272604429724014,-8.84475158836615
294,-0.07917326207857023,0.3744135235585688,0.8620921951408317
295,8.278307265243553,0.02663638624409342,-11.243247848870492
296,1.2732598525422665,5.616540924429948,7.937753567118903
297,0.812864838842406,-4.957886780745919,5.930782142471821
298,3.326752640184249,1.896265778155305,-21.334491886395067
299,-6.124319096916411,8.639887857346904,-0.3905039214857922
300,5.566035204610583,3.5488851529285306,4.4727337502856965
301,-0.09389003680956665,2.53948161982845,5.282915426274849
302,-2.394419335439606,11.575985512506646,0.9141302798763626
303,-4.362749903532744,-2.334544840495716,-9.858782941151894
304,4.2018631069764805,4.942641729244822,-0.03125398629964704
305,6.128237799599973,1.1429216819241528,6.058172090746642
306,-1.9728416155084003,8.268973219938262,-3.2482377766988755
307,-1.4410697485194728,-3.6594410408596287,-0.8323679880963651
308,-2.453089153958197,-0.8376399991239154,8.375915647722932
309,5.701062054835564,2.4418444707731846,2.4976792212681254
310,-0.3236987660347345,10.188060776351557,5.62712663447809
311,-7.301285446709986,-11.40001545287439,-10.006147116228377
312,0.530879757451358,-3.69815366207299,-1.2492108361020176
313,-15.125797819814151,18.683201373817464,-9.079586964952425
314,14.052416636595584,-3.918847368427864,-1.4577266067890826
315,3.443915226669028,-10.430655288154782,-10.136225311553677
316,-4.831907578924084,15.618485526767044,-1.9530478463221024
317,7.8721818148935725,-3.908053006074688,2.716904547337264
318,-14.945387889253434,-17.51716352210276,-11.51863580235339
319,-4.6438793528736895,9.531875849716867,-0.9636557630553835
320,1.3552153108142422,-1.0374013642431863,-0.7138461267881914
321,-10.201832401045712,-1.7947376615920771,1.971119980158983
322,3.9501400708688785,-11.85554737749641,-5.721202307615078
323,-10.406552015373544,-3.743932864851466,-15.035573717870275
324,5.2949643340064645,5.569417435763345,2.7173891243001025
325,4.026047816856872,6.112013040716751,1.1245582079233682
326,-2.5919984695977734,11.911178475303071,10.638651627829098
327,14.904388147619214,-1.616479696911941,-0.5145740619025531
328,-3.151381597515644,4.665749222682512,-3.0922262773529985
329,9.349836811214374,3.9645485914409715,0.7077974713425974
330,-9.954886814190317,-0.1765205579478763,-5.4112423747005245
331,4.59415697997353,-7.14460530807773,-1.0592168396173636
332,-3.561892219377257,-3.6254895782744994,15.073075610131168
333,4.909971871931613,-2.4373364590262647,-4.35652013945053
334,2.3472245696281346,-0.0035192312378210747,-6.6452489928180585
335,10.923294443048194,1.3141580113990714,-3.940650913128992
336,8.903964867299848,1.0043073245856209,-13.030813357558678
337,-1.1692891909260692,1.5518318159346527,-1.78759002414479
338,-5.572770994810528,-4.494358059507118,-5.707988456518897
339,-8.909573648838009,5.8843313405488775,8.210826671657173
340,-2.2397581771439072,-9.28502889415638,-0.9666940549924232
341,4.484247096129647,-2.64710604274813,-4.869320375340846
342,-1.5785541424558978,-6.600663892293455,0.12356128287825796
343,-12.620343909272158,-2.185473707688727,-0.09776525850674372
344,-3.3602120192207194,-8.322615103844209,-7.474927854151356
345,5.817154777781625,-5.416746808935786,-15.818126932087035
346,-13.781560534838615,3.7017046366954602,1.4403552251220852
347,1.1918021970797503,-6.259700666145202,0.79650385731865
348,10.923190763521896,-7.155925785358122,3.6798669863079327
349,1.5111869293732685,2.059834083953264,3.7628514866004537
350,6.883347566913677,10.671098990061875,6.392174764696299
351,-5.483213941601359,0.12247653672565446,-1.622482759408413
352,5.639236188444306,8.74790857543223,3.399582221613129
353,6.579637272303746,2.8407217206780526,-6.916412459506375
354,-2.4384150859892726,-2.646294740574132,5.111864892273849
355,-4.42758208155741,2.2973809153930365,7.000973900735179
356,13.221828237776407,7.216469840642727,6.120007233858638
357,0.5498448512730747,5.227205368729482,-13.423852256352843
358,-0.28506947208782196,1.8323131018751178,-0.6291035713903781
359,1.7106607307520951,5.353912953651258,1.8705297316777634
360,10.653318415825748,-14.510738939144593,-0.44672465599848166
361,6.18925056480518,-2.5564335704697108,-4.0305506772852215
362,-0.5675613906965526,7.073417930839765,-2.443793753934457
363,1.2279667154911125,-0.13003883578840653,1.9313922811289659
364,1.0003539830964747,12.684389670057227,7.519908287819604
365,-11.487545524072717,1.1545406493463284,-8.351769219336147
366,-4.912206648772692,-4.83849151364581,-6.5977158938737395
367,-13.754548530777692,-1.7009028055136146,3.4144975152754746
368,-1.9640076894513658,4.802611339086623,2.208061436524685
369,-8.505819923336984,-2.3547994828314494,2.4283139046320463
370,-2.2609495787662572,9.265834941631491,-13.360231525173983
371,3.164885614616259,-7.7605158216454475,6.058165629173398
372,-12.314946577253616,12.307365214264795,-6.2455793493531875
373,4.687344985813965,7.150611488159427,1.1085481752115194
374,-7.086547345151542,4.823200850792188,4.130449996761588
375,9.46509714990882,2.4277532672298996,1.8881918583640074
376,-2.8072565358157435,-3.3401534029384523,-0.5448388262363372
377,-12.831339652285843,11.42136086850622,4.092486085150732
378,1.13398938480134,4.473270730755437,-7.724173988039563
379,-2.3242289026336125,-5.769010919487311,-0.695602059464072
380,0.35587712796129173,1.7543790811828515,13.14348876596324
381,10.59055530567052,10.049115157128359,2.8631880458295216
382,0.6095221985321938,6.724827817560306,14.130564930443946
383,0.7256790806950628,12.830185168665755,-3.496944170429674
384,3.908832937235383,-5.99969600371575,-13.885752932503983
385,-8.83558100440409,18.46105160987065,-9.326324827654872
386,-6.828425041615809,2.2761556975967205,11.263262579857518
387,5.116257102692572,11.482490754366658,-2.709066212702568
388,11.566670944168994,2.8435408632199546,1.6247591538960366
389,-6.164272590820848,-8.263319093790212,6.3615955792912064
390,5.25654596800387,13.985218552876496,-18.157327864942694
391,-8.629903289664695,-3.812532902899143,1.1210453938934084
392,-1.796393228754158,12.17802221610006,4.449295198420282
393,-5.03124487022093,2.8615266232087646,6.4004515919713505
394,-1.5859184751620257,13.35979215324888,8.356494138820612
395,-5.0322339286051045,-0.7030752267239535,-3.407478129336449
396,-4.044181352547243,-16.552537867263382,-0.1595897481563
397,0.5789602379550772,11.963743060378546,0.6139224720982294
398,-10.436606370280945,-6.827922064389184,-11.299380114302627
399,-2.6958219022563874,4.037330932261436,7.717154395747878
400,-4.495136737925649,6.493716130831014,1.2029234959134931
401,-2.656354002060047,1.9910116413299348,-4.3579948444183545
402,1.0811122998112523,-5.412881996710205,10.079960893308295
403,10.645594858002914,0.17849754732437523,-0.24046733314236546
404,-7.808907227098528,5.230802147619775,0.07209900813869621
405,-2.778202525353527,10.585736659224228,-2.9756556011502155
406,2.2951259920525757,5.455269352711231,1.1847327437988446
407,-11.065800280792285,-1.444988793448481,-0.7571020626339933
408,0.08580574199870161,-8.916828656302503,-1.6295301827566926
409,8.286884245125286,0.4387477038587709,7.4127098004132765
410,-6.6558162747715315,8.123911939876841,14.093869229611562
411,0.4307621269112294,8.283310603812188,8.434548143441841
412,8.210730466630261,12.544742844065718,8.167972040781361
413,2.297495017513872,-5.818149634045811,4.085748176524896
414,-6.511508391920192,-5.8231359677094625,-1.0567065067502557
415,-12.879964411197548,-3.501648630022864,4.198401640379808
416,-6.31532239646292,-2.908294545381114,-8.169885680452486
417,-2.176499224090721,-3.7828925136728366,-1.0981998498292334
418,-3.1689679300394893,-8.257099928151863,-7.195989068014557
419,-7.95700506589045,-1.6264416009720892,1.7896640982540237
420,4.396121321573936,2.038811232079889,2.097587345600879
421,-8.028317429431082,9.099738234657767,-1.187964252903603
422,1.207887374606952,1.142480279787264,5.1603349722174245
423,-2.338108300713637,-9.026470920746231,4.80443687455699
424,-3.0072289614812533,-3.7729996612088037,-5.364571199482916
425,-13.59442177158338,2.475012817081168,7.5287420497873665
426,7.258141701473006,-0.46668364319415956,8.903749941479084
427,18.003271009382473,-7.36796621143786,-5.348770307495379
428,-16.895016947991945,-5.581307546426258,-9.124217593216452
429,2.876241747094775,0.023718100779558184,12.369533923239995
430,-2.3411835477393566,9.480059388382982,-1.8525718380193994
431,4.572120941454468,1.4941582231327013,-7.26429226640301
432,1.6928986045717074,8.44623766197132,3.4232784422330127
433,5.762149057883118,12.030139567331657,-11.45085731343567
434,0.6977591128455608,-11.86999831641443,-10.003048855791747
435,10.542891519564801,4.126062700901565,11.72337776603532
436,-4.901237653816652,13.110201012247057,11.238582666916859
437,-4.327390834633767,7.766497427527828,0.6464573510697269
438,3.263736038983869,10.38563708797812,4.6566475384456165
439,-8.60932240367914,-2.717669889135307,10.257451685619227
440,-12.632357186981201,7.512775318299126,-6.6159559202118965
441,-5.258069087390261,0.8598731732162893,11.61457671428594
442,-10.6952123295508,6.135582944242368,1.2547187643753697
443,-11.09395061977487,-11.42645206811668,6.136895747675484
444,-1.6623633685033112,12.416442325360315,-7.771205005533808
445,-1.8780406070385882,2.657048903234583,-12.30943546276116
446,-3.928825463512187,0.464456358696661,-2.6872814511803087
447,4.679258021009934,9.371091632576377,1.0207065107233733
448,0.10412736848600412,2.158452015346317,-14.571406628712001
449,5.852032447824598,-2.907293370926521,13.789310780651912
450,-12.497738068092692,2.6199251778578985,12.669127253076855
451,-1.1543982071842587,-7.352210130947714,5.590332652593989
452,-0.042419789682048625,7.542358942873894,5.388818095748544
453,-1.8376834726978388,8.3579124946666,5.839469240894463
454,3.7911114290633683,-7.449938497457275,-3.3605938916930818
455,8.888478852803175,3.798550519161717,-1.1105135744608399
456,-3.2934182016547995,-2.086158767237391,3.9552260320788477
457,-2.53212527657068,14.708612405513207,0.8293116570851798
458,-8.776621787720787,-8.517117281238772,-0.3193726502300698
459,-5.46665055192069,-14.955926024540437,3.3402520020594104
460,7.486699367864274,3.350689149660941,-8.935468413129863
461,1.1802029264766043,-0.7178385147105326,16.379901713253446
462,-0.17562587384755304,-3.118242690240278,3.4987553085333953
463,0.0011903888945418162,17.16300057020453,-17.661533488420147
464,-10.853306984144254,1.2518711020242002,9.132439905497325
465,15.292059670351886,-4.542662998446436,-6.930366964479763
466,-11.827044823949864,-1.7449007528545262,4.80810963759006
467,-1.6833736577401779,-4.03937241093914,0.473493049989378
468,-9.359396955401337,-3.529091939988529,1.787293774396075
469,12.200853941465686,2.897136751524032,-7.643683927046629
470,5.677844920900322,-9.620074998414282,8.559627015308408
471,5.176500645807348,9.222946602045102,0.3893286962397967
472,-1.1233252246953835,-8.69842711045164,-1.926629759057558
473,3.7012442034116453,-14.63284513620912,-8.567362801981686
474,4.696918870387184,-2.0234919750976617,8.479935041870851
475,-7.786373324720136,-5.789235945627199,-0.6623092576539347
476,-4.369791164879877,-8.752393278734901,2.9437854288152137
477,-5.849827263105502,0.20284752625899347,-9.232550598110016
478,-7.382518173512479,-0.7739062147071245,-1.7264891688643944
479,14.993593627384197,-5.658985094377208,-7.924942827101347
480,-6.583891345815671,2.8662808551163863,-9.628892157978589
481,-3.303466053813433,-13.065962017188738,0.8379026105996095
482,-16.12759796875087,-3.764467585053916,0.5011444740113387
483,-5.230821281882034,2.3536419807032223,1.2876002455093207
484,1.8625733456740283,2.0369665195039532,-3.100512007567992
485,-7.221416297958076,1.7818583770765188,-10.708704673089288
486,-0.2854397075828815,2.4788945420461403,-3.0144059010196522
487,-8.153784526417706,3.0831004792981576,-4.495587606726743
488,-3.5046571517806777,-2.916043108321811,-3.913491028397358
489,9.605717506433008,-7.218560998762349,-4.148829741975065
490,9.934383675996283,10.56318261124034,5.529106125055025
491,-0.6932936966866284,2.798193411315961,5.650024917195525
492,-3.320844273969628,2.937479008651624,0.8418406832881509
493,-9.148329657898222,-1.547045414112902,3.036531106203873
494,2.871045705086809,0.529070112754263,-0.7785946725778159
495,14.17600233004007,-8.57690820029412,-4.562573568072333
496,1.626568001821362,0.5998390807358046,13.980334643580036
497,-5.060645422922691,-10.238222585378567,4.371454467658019
498,-7.537214069177931,1.1618345327829551,-12.120078680204305
499,-2.8460299293467464,-8.553566466781248,-5.662136957160711
500,-0.0267278306035873,5.644389930042999,8.524105834887889
501,6.57245312240823,8.965036564752408,-11.89102843011637
502,2.6554858710420715,-0.41887534998570364,-7.119273168343291
503,-2.3629066570990265,5.36225279379011,9.004813097426997
504,13.304042438543638,-7.728462361874791,3.1169558828487975
505,2.017077783235562,6.648308121311006,-8.636691735150116
506,-2.1320201798839085,-8.404439283568177,10.90754094992785
507,-6.470654281642939,-5.354986837779681,-1.2022498771081271
508,10.655600798709358,-2.5070046098733165,3.3812044576147384
509,-9.030856261575767,5.672513823773337,-7.86238056894777
510,-12.552075377542705,-6.74590701499192,3.7746511533727043
511,3.9838377482688703,-3.9154980784368023,-5.340724981876367
512,9.69796936982259,-7.2876197047414095,2.9140472650114564
513,0.08788865795612488,5.977797918473835,2.0475321228258045
514,14.88104181321399,6.909361060953956,-10.135190247474624
515,-10.80083215469885,-1.636464442081718,3.298509816133693
516,-1.8813219636675989,-7.085445619174121,-0.35218797056522166
517,-8.060378086615353,-12.890431695090918,1.3550103306883101
518,-20.894882573190078,-2.1940736061986343,-4.475864267441893
519,4.897346512530465,-3.0199028356451625,-1.239052301839012
520,15.394646064881785,-2.16726847778931,5.568837293227035
521,-1.1023428340148977,-4.0170284529807,-1.751472493086639
522,3.0357456339134905,-0.13399747269639112,5.419997515783411
523,-4.605858160181514,3.1698673010775837,-7.7101369957157075
524,-1.4682209981669332,7.254738937941583,7.461466736346082
525,-4.2393048393371355,-9.628999414640298,-6.64563976848097
526,-3.5545694371635155,-6.698211250646298,10.849246961323718
527,4.592584211661295,9.850269035226871,-8.873200681185144
528,-12.468146790183848,-4.766212741737586,10.86113183677467
529,-8.788977975703796,-7.540852398114687,-2.634315202769084
530,-3.814255875303802,-0.026612100141031998,6.453980786486125
531,2.9760744457157147,4.318308372019132,-5.706122320664175
532,6.45944458175371,3.2604563892937732,-3.2274623019899495
533,-11.80558074842177,2.8833949568719954,5.393071074663822
534,0.21378521671423723,11.762024334188094,11.142000548239844
535,-5.575104852424634,-0.4882296645955751,-3.0639874013436112
536,5.7236745891176,-6.555139935120472,0.2823099336587718
537,-7.341429816004589,4.90471671241326,0.3112224155250202
538,1.63956179076249,-7.3923065682932885,-0.35058861305179
539,-11.164207470228662,-15.352159224865703,-12.310627278759851
540,-12.746945433157991,5.500669363746617,-0.2731968402633878
541,4.627010647412836,14.682308342314869,0.11263277912721195
542,-1.7336204070804069,1.2059532769753303,-9.064505264388798
543,7.926691440679576,-1.363208706581243,11.492493045223947
544,-9.571125578245757,-4.053277771755453,8.499664514131364
545,-0.7868972175567928,-0.4464620354404282,-2.375725536881136
546,2.6705439887161573,6.224112829890598,4.534588644557387
547,6.58765463969859,-6.079570868536435,4.8626372328599565
548,-4.303803898604472,4.105238823511696,0.49965804882796505
549,-0.1619786023939478,10.41639286700865,-2.5629386456770122
550,2.4491162181019015,14.085594089510074,8.34932839727079
551,0.15409601224567804,-2.9659365714606256,-5.90161056169795
552,5.249288843808937,-2.0196899592805586,4.443636918986656
553,-3.869926567006454,2.652925515500197,-1.194146392954738
554,-8.124671641041664,16.01177133684691,-6.348806764204241
555,10.19545060192422,-1.2726575391299089,-8.564258176583502
556,-7.330222118015698,-3.2616083412538743,-11.01304273654732
557,-2.5360441446950173,4.496157504187615,-6.090786382505725
558,17.906399922970394,-8.142193629578196,4.976492682518573
559,2.5416992154525113,-2.3630068741090757,-2.376362005649691
560,-9.242851610910092,1.6423373296255062,5.792233369129832
561,6.808757002478814,-1.002884067359144,7.200830508844317
562,-11.771138983882182,6.751906737938473,-10.081285690055887
563,-3.1326375910548956,-7.1653399441816354,-4.208590103703961
564,-3.938742911149905,-5.92197918040696,-3.495717329699572
565,0.0022054058297092394,-4.241346832645223,3.051883496116103
566,-2.2143010051684575,-2.9359858621661754,-4.462131175407367
567,-14.676539856783897,-1.7763466535041967,-11.381235656093292
568,12.177288351046492,3.4572723570543262,-2.396032422729336
569,-5.481463453381803,-6.818507441383822,5.418737213278284
570,3.724182145885967,-4.883314421114011,-0.21995994537359165
571,-8.602402971372584,-1.3481199592155622,-2.3559512619975416
572,-1.7836480660298761,2.1028573939682462,-5.804377782292501
573,-6.6045999630614,1.6398932695855177,3.457868190376448
574,-3.2325859632429585,-0.01662539021445454,-1.6198267091473655
575,-16.58094522269576,-2.2892904198649733,-1.4042871026216093
576,-2.3095930364414663,1.0261448280493721,-0.22990452597893385
577,11.956479781248353,-4.314917574546755,9.347866923573907
578,-3.9726465797669666,3.0033253620947598,-0.8923599358896811
579,2.82273748481434,10.382675394437934,17.763866635034496
580,5.438056403936224,-13.375213440417662,4.527739483190879
581,10.755766884841599,-4.764838120759439,-3.0846104953292333
582,12.995093363209389,1.1142834416899972,-6.269493032339918
583,-0.18717448352970667,-6.925600784338718,3.3237378378508726
584,4.5093509540901415,9.664231177608482,-8.48562296180435
585,-2.9967689650290636,2.0388527498595415,-0.5211068140628635
586,0.31107532608523414,11.525021640368712,2.8817260037562646
587,-15.460964879363145,10.528522417649272,6.392033311594937
588,10.675590479405992,-9.650874560374424,-15.007999601832164
589,-1.4203999423843492,13.829021515675102,-3.203433156931813
590,4.55252160216966,-2.2161666765853494,2.6180555288543
591,7.239325370714349,5.197251547239131,1.4289159746304014
592,-3.3390469436208385,-5.875205239563543,-1.5388992552163847
593,-14.479794970518927,0.5903578091114561,-2.150546400745804
594,-0.6870812292196595,2.1501828318392535,-3.209480243307897
595,-3.331051465955683,4.378993596195149,-1.7449938590367093
596,8.38608967764015,5.7262717690973615,9.522564661460754
597,-6.175170699903686,-6.700775268371223,-4.415035386453551
598,-10.936578515125714,-3.6342719987042047,0.16913288293264106
599,1.3375519552666877,-0.9299036564029971,11.715898273764287
600,-3.296825325464849,1.9009276828794626,-3.0724103350940464
601,-10.569719243419486,1.8529021661578835,5.551132020950642
602,1.5172672652347319,3.8377179780555224,-5.706304518294008
603,-2.592909758479773,-0.12881594776812078,3.69869671695338
604,-4.056995262562728,-4.701367865594878,6.602300713362849
605,2.6907373312417873,-3.2264592465853323,3.9400315053886965
606,2.174608451561297,11.181028832798791,-12.137864415158159
607,5.539543808974428,-2.714406151595676,-4.254673620415284
608,-0.2705384331007211,-9.413347423695672,8.849806406036155
609,12.897910308860272,-5.831437398257568,-8.934847718350655
610,-2.2152225300950255,-0.13863498548258915,-7.793553272652006
611,1.2581709972476451,-6.779629290955818,-7.1243970227672415
612,-7.868115840476278,4.709222130114279,-9.204047831544589
613,-9.102825511892426,4.845487428440203,2.326788545657398
614,-3.4125491808043296,-3.860484809224977,1.799582785604847
615,8.152987642794914,2.3410764931122987,0.9035829937910027
616,-6.90375925890451,14.523779425383676,-6.766104447285952
617,-2.166210866319908,-0.3912938139939428,3.522064021513666
618,-7.079350447995489,0.46627622042165223,0.3869442071693007
619,-9.371787554185497,-0.2292621127295712,12.080095506438697
620,-12.924128173071244,1.4686705867003278,-6.8575943812663915
621,-0.9608456556330478,-11.734644273692727,-0.7687312986198683
622,-0.5078756573383099,13.815340830929646,-5.406693630238849
623,1.6788382610049117,11.472366038674444,-2.257000828207213
624,-2.540736340223921,-0.6956813405284632,20.756410423392758
625,-5.3140107998411565,15.977827496284611,10.919261754228643
626,8.475402994058355,-4.95515601457442,8.604527312144818
627,-2.384094846041592,7.827657596456543,0.6919628030395357
628,1.3507585977584258,-13.706270650223015,-4.186969210745058
629,-4.220414745591451,-1.2485159359062716,3.354815288054343
630,-6.833408255695341,-8.123733621132516,3.640725364677691
631,-2.2514127060362017,-5.809581211983047,0.15667831753498118
632,6.64027879740671,-11.770495972797349,-1.0180063963290955
633,4.7907857345185025,-10.182524115106519,8.281381188585858
634,1.5195922103910653,-3.712813535718736,3.9842600993170043
635,7.588609494428898,11.51779129427369,-13.880203619660032
636,-11.017555506358846,-5.52716475499952,3.393418682394346
637,1.0335028549781717,2.4197632234473296,1.7347883926903722
638,16.064671446007683,3.0490613625693337,-10.98612238694986
639,-6.999116644876151,3.3419280175672323,-18.538898889443622
640,-5.511966927698641,6.037312387300124,0.8348136195057084
641,-9.195919466907437,-11.003058212708755,-1.9519175600456018
642,-5.995213312028045,6.743620308956694,-9.786406555901245
643,-4.2781304179209165,-0.9291570369320923,-3.7305943262842893
644,-11.248206566255526,-6.619980121534083,10.689615974873902
645,-10.340126477618089,-9.79449176391285,-5.6919168172987264
646,1.867626092478869,5.3281837470320275,-3.962646860971068
647,-17.387895966875522,11.512661513535898,-5.4649869118868
648,3.6823615466179307,-18.131161187818947,-7.967100794895958
649,10.861617196609789,8.968836158047903,2.3920447172643864
